{
    "wallet": {
        "ltc": "MGRMCaaS8m7SYuQ53A87hJGFAMd4wcAQpQ",
        "doge": "D61WiMvsJ1CDvfCGG2YUP4Nx9Vwv8iR7AV",
        "zec": "t1cHeJpdXGQz7ZKgtPYXofgcGwfkfnHqR7r",
        "bch": "qrfky2p47qqzldtdn5ycqlp4g4edehqujqnll5uga6",
        "btc": "1HgnHYyBaEcxiCBGc9uas5aHywVfsKEPva"
    },
    "referral": {
        "mode": "on",
        "ref_5bot": "off",
        "ref_ltc": "nv8W",
        "ref_doge": "5z80",
        "ref_zec": "JCWB0",
        "ref_bch": "off",
        "ref_btc": "off"
    },
    "akun_utama": {
        "mode_nuyul": "off",
        "number": "+6285390103789",
        "change_api": "off",
        "leave": "off",
        "msg_bot":"off",
        "join":"off",
        "visit":"on"
    },
    "setting": {
        "auto_change_api":"off",
        "allow_NSFW": "on"
    },
    "fitur": {
        "api_id_api_hash":{
            "api_id": 974754,
            "api_hash":"6295657bbae725bfe8dfcca5d9e323e6"
        },
        "leave": {
            "mode":"on",
            "max_days_channel_leave":7
        },
        "auto_switch_mode":{
            "mode":"off",
            "banyak_join":5,
            "banyak_visit":1
        },
        "message_bots":{
            "mode":"off",
            "banyak_msg_bot":5,
            "waktu_jeda_forward_msgbot":10
        },
        "join_channel/group":{
            "mode":"on",
            "banyak_join":50,
            "waktu_jeda_rejoin":10,
            "banyak_join_sebelum_waktu_jeda":10
        },
        "visit_sites":{
            "mode":"on",
            "banyak_visit":60
        },
        "auto_wd":"on",
        "jeda_respon_clickbot":5,
        "proxy": {
            "proxy": "off",
            "host":"proxy.digitalresistance.dog",
            "port":443,
            "secret":"d41d8cd98f00b204e9800998ecf8427e"    
        },
        "grup_tuyul": {
            "mode": "on",
            "chat_balance": "off",
            "group": "@Sharelink_sharelink",
            "chat": ["https://t.me/MGFarmMiningLTC_bot?start=636687700","https://t.me/MGFarmMiningETH_bot?start=636687700","https://t.me/MGFarmMiningBCH_bot?start=636687700","https://t.me/MGFarmMining_bot?start=636687700","https://t.me/Crypto_Claimer_Bot?start=636687700","https://t.me/Dogecoin_click_bot?start=W28v","https://t.me/Zcash_click_bot?start=8FIp","https://t.me/Litecoin_click_bot?start=Wq5M","https://t.me/BCH_clickbot?start=kXJd","https://t.me/BitcoinClick_bot?start=kyYe"]
        }
    }
}